author,image,handle,websiteurl,tweeturl,videourl,votes,created_at
Aurelien,https://pbs.twimg.com/ext_tw_video_thumb/1904469227257704448/pu/img/zceB_6kq9Lpncu2M.jpg,Aurelien_GzÂ·5h,http://symphonious-cendol-a42a5a.netlify.app,https://x.com/Aurelien_Gz/status/1904469274749460858,,12,2025-03-25 09:43:53+00
BRUğ•LY,https://pbs.twimg.com/ext_tw_video_thumb/1904482001912238081/pu/img/CozHFIu5NSPy8PTq.jpg,Bruxly_Â·4h,https://vibejamlevelsio.netlify.app,https://x.com/Bruxly_/status/1904482741477064751,,0,2025-03-25 10:37:23+00
,,,https://fly.pieter.com/ ,,,,
,,,vibeskater.themodernspellbook.com,,,,
,,,astro.gobienan.com ,,,,
,,,thevibemetaverse.com,,,,
,,,glider-sim.com,,,,
,,,glider-sim.com,,,,
,,,,,,,
,,,,,,,
,,,,,,,